id,name,status,start,end,countries,budget,spent,tags,days
t_001,18.01 - Ireland,completed,2018-01-11,14.01.2018,Ireland,, 179.84 ,family,
t_002,18.02 - Lisbon,completed,2018-02-09,11.02.2018,Portugal,, 680.55 ,city break,
t_003,18.04 - Dublin,completed,2018-04-01,,Ireland,, 153.80 ,family,
t_004,18.04 - Sweden,completed,2018-03-30,02.04.2018,Sweden,, 1'756.42 ,city break,
t_005,18.05 - Ireland,completed,2018-05-01,,Ireland,, 547.05 ,family,
t_006,18.06 - Mummy Papa London Visit,completed,2018-06-01,,United Kingdom,, 1'992.81 ,visitors,
t_007,18.08 - Norway,completed,2018-08-20,,Norway,, 2'072.25 ,active,
t_008,18.09 - Ireland,completed,2018-09-01,,Ireland,, 371.11 ,family,
t_009,18.09 - John & Kate in London,completed,2018-09-10,,United Kingdom,, 69.08 ,visitors,
t_010,18.10 - Ireland,completed,2018-10-10,,Ireland,, 565.31 ,race,
t_011,18.12 - India,completed,2018-12-01,,India,, 3'227.08 ,family,
t_012,18.12 - Ireland,completed,2018-12-01,,Ireland,, 388.23 ,family,
t_013,19.04 - Ireland,completed,2019-04-01,,Ireland,, 583.81 ,family,
t_014,19.04 - Tokyo,completed,2019-04-10,,Japan,, 3'449.49 ,city break,
t_015,"19.05 - Billie, Mary & Aisling in London",completed,2019-05-01,,United Kingdom,, 726.65 ,visitors,
t_016,19.06 - Ireland,completed,2019-06-01,,Ireland,, 153.59 ,family,
t_017,19.07 - Bulgaria,completed,2019-07-01,,Bulgaria,, 1'226.67 ,active,
t_018,19.08 - India,completed,,,India,, 2'204.97 ,family,
t_019,19.08 - Ireland,completed,,,Ireland,, 96.69 ,family,
t_020,19.09 - Australia,completed,,,Australia,, 335.18 ,family,
t_021,19.10 - Ireland,completed,,,Ireland,, 237.68 ,race,
t_022,19.12 - India,completed,,,India,, 1'665.20 ,family,
t_023,19.12 - Ireland,completed,,,Ireland,, 83.88 ,family,
t_024,20.03 - India,completed,,,India,, 1'807.48 ,family,
t_025,20.09 - Cornwall,completed,,,United Kingdom,, 485.54 ,active,
t_026,21.10 - India,completed,,,India,, 1'039.54 ,family,
t_027,21.10 - Ireland,completed,,,Ireland,, 356.53 ,race,
t_028,21.12 - Ireland,completed,,,Ireland,, 643.65 ,family,
t_029,22.02 - India,completed,,,India,, 850.86 ,family,
t_030,22.03 - Ireland,completed,,,Ireland,, 662.25 ,family,
t_031,22.05 - Boston Wedding,completed,,,USA,, 2'809.85 ,leisure,
t_032,22.05 - Mary & Aisling in London,completed,,,United Kingdom,, 928.76 ,visitors,
t_033,22.06 - Sakshi & Aaliya Visit,completed,,,Switzerland,, 1'948.92 ,visitors,
t_034,22.08 - India,completed,,,India,, 1'668.23 ,family,
t_035,22.09 - Ireland,completed,,,Ireland,, 543.33 ,family,
t_036,22.09 - London,completed,,,United Kingdom,, 13.05 ,city break,
t_037,22.10 - Ireland,completed,,,Ireland,, 1'207.22 ,family,
t_038,22.11 - Thanksgiving in New York,completed,,,USA,, 2'115.86 ,leisure,
t_039,22.12 - Mary & Aisling in CH,completed,,,Switzerland,, 83.69 ,visitors,
t_040,22.12 - ZRH - LON,completed,,,United Kingdom,, 234.15 ,city break,
t_041,23.02 - Munish in CH,completed,,,Switzerland,, 379.35 ,visitors,
t_042,23.03 - India,completed,,,India,, 1'711.19 ,family,
t_043,23.04 - Boston Marathon,completed,,,USA,, 2'253.32 ,race,
t_044,23.04 - Munich,completed,,,Germany,, 665.53 ,leisure,
t_045,23.05 - Aisling & Fiona,completed,,,Switzerland,, 837.45 ,visitors,
t_046,23.05 - London & Birmingham,completed,,,United Kingdom,, 1'207.48 ,leisure,
t_047,23.06 - Cummins visit,completed,,,Switzerland,, 321.80 ,visitors,
t_048,23.06 - Ireland,completed,,,Ireland,, 389.66 ,family,
t_049,23.06 - Lausanne,completed,,,Switzerland,, 386.67 ,visitors,
t_050,23.07 - Barcelona,completed,,,Spain,, 63.84 ,leisure,
t_051,23.07 - Hamburg & Copenhagen,completed,,,"Germany, Denmark",, 1'821.66 ,city break,
t_052,"23.07 - Heidelberg, Mainz & Bachrach",completed,,,Germany,, 712.65 ,leisure,
t_053,23.08 - Como,completed,,,Italy,, 909.37 ,leisure,
t_054,23.08 - London with Ashima,completed,,,United Kingdom,, 543.67 ,city break,
t_055,23.10 - Ireland,completed,,,Ireland,, 698.51 ,family,
t_056,23.10 - Italy,completed,,,Italy,, 2'877.71 ,leisure,
t_057,23.11 - Thanksgiving CH ,completed,,,Switzerland,, 2'639.48 ,visitors,
t_058,23.12 - India,completed,,,India,, 1'656.41 ,family,
t_059,23.12 - Nice,completed,,,France,, 640.13 ,leisure,
t_060,24.01 - Ireland,completed,,,Ireland,, 148.75 ,family,
t_061,24.03 - Des Visit,completed,,,Switzerland,, 578.70 ,visitors,
t_062,24.04 - Ireland,completed,,,Ireland,, 387.31 ,family,
t_063,24.05 - Barcelona,completed,,,Spain,, 1'113.58 ,leisure,
t_064,24.05 - India,completed,,,India,, 770.10 ,family,
t_065,24.05 - Ireland,completed,,,Ireland,, 320.18 ,family,
t_066,24.06 - Ireland,completed,,,Ireland,, 472.96 ,family,
t_067,24.07 - London with Dadhichs,completed,,,United Kingdom,, 1'757.01 ,city break,
t_068,24.08 - Geneva,completed,,,Switzerland,, 934.90 ,visitors,
t_069,24.08 - Jame & Eva Visit,completed,,,Switzerland,, 643.10 ,visitors,
t_070,24.09 - Berlin,completed,,,Germany,, 692.81 ,leisure,
t_071,24.09 - Innsbruck,completed,,,Austria,, 1'271.03 ,city break,
t_072,24.10 - Frankfurt,completed,,,Germany,, 595.86 ,race,
t_073,24.10 - Sydney,completed,,,Australia,, 1'699.81 ,family,
t_074,24.11 - India,completed,,,India,, 1'935.26 ,family,
t_075,24.12 - Andalucia,completed,,,Spain,, 3'798.50 ,active,
t_076,24.12 - Mary and Aisling Visit,completed,,,Switzerland,, 1'054.72 ,visitors,
t_077,25.01 - Campania,completed,,,Italy,, 2'079.12 ,active,
t_078,25.02 - Torino & MC,completed,,,"Italy, Monaco",, 1'069.28 ,city break,
t_079,25.04 - Ireland,completed,,,Ireland,, 796.83 ,family,
t_080,25.05 - Islay,completed,,,United Kingdom,, 3'940.97 ,leisure,
t_081,25.06 - India,completed,,,India,, 1'476.16 ,family,
t_082,25.07 - Boston,completed,,,USA,, 300.64 ,leisure,
t_083,25.07 - Stankards Visit,completed,,,Switzerland,, 742.40 ,visitors,
t_084,25.08 - Elsie & Arther in CH,completed,,,Switzerland,, 517.85 ,visitors,
t_085,25.08 - Ireland,completed,,,Ireland,, 624.35 ,family,
t_086,25.09 - Ireland,completed,,,Ireland,, 376.22 ,family,
t_087,25.10 - Meenu Visit,completed,,,Switzerland,, 1'210.74 ,visitors,
t_088,25.10 - Meenu Visit Venice,completed,,,Italy,, 801.36 ,city break,
t_089,25.10 - Venice with Herricks,completed,,,Italy,, 799.98 ,city break,
t_090,25.11 - Bologna,completed,,,Italy,, 520.02 ,city break,
t_091,25.11 - Ireland,completed,,,Ireland,, 485.67 ,family,
t_092,25.11 - Lago Maggiore Marathon,completed,,,Italy,, 476.04 ,race,
t_093,25.12 - India,completed,,,India,, 381.80 ,family,
t_094,25.12 - Ireland,completed,,,Ireland,, 183.41 ,family,
t_095,Living in Granada ,completed,2026-01-10,2026-03-13,Spain,, 6'150.77 ,staycation,
t_096,Marion in Ireland,completed,2026-01-17,2026-01-19,Ireland,, 172.78 ,family,
t_097,Spain with Herricks,completed,2026-03-14,2026-03-22,Spain,, 2'657.23 ,race,
t_098,Arthur's Communion,completed,2026-05-07,2026-05-10,Ireland,, 61.35 ,family,
t_099,Marion in Ireland,active,2026-05-11,2026-05-21,Ireland,,,family,
t_100,Rishi in US,active,2026-05-11,2026-05-21,USA,,,leisure,
t_101,Sakshi & Aaliya in Switzerland,planned,2026-05-31,2026-06-30,Switzerland,,,visitors,
t_102,Via Alpina,planned,2026-07-10,2026-08-02,Switzerland,,,visitors,