Date,Day,Route,Distance / Ascent / Descent,Moving Time,Breaks,Start,Finish,Route Notes,Suggested Accommodation,Booking Priority
13.Jul,Travel,Home → Gaflei,—,—,—,Morning departure,Morning arrival,"Travel to Liechtenstein, cable car to Gaflei, final gear check, early dinner",Berggasthaus Matu (Gaflei),High
13.Jul,1,Gaflei → Sargans,"27 km / ↑200 m / ↓1,200 m",6.8 h,2.0 h,09:00,17:45,Gentle prologue. Mostly downhill through Vaduz and the Rhine Valley. Ideal day to settle into trail rhythm and test packs.,Hotel Post (Sargans),Low
14.Jul,2,Sargans → Weisstannen,13 km / ↑680 m / ↓160 m,4.2 h,2.0 h,08:30,14:45,Valley walking followed by first sustained climb. Early finish for recovery.,Hotel Gemse (Weisstannen),High
15.Jul,3,Weisstannen → Elm (Foo Pass),"23 km / ↑1,260 m / ↓1,270 m",7.4 h,2.0 h,07:30,16:55,"First major alpine pass (Foopass, 2,223 m). Excellent lunch stop at the pass.",Hotel Sonne (Elm),Medium
16.Jul,4,Elm → Braunwald,"24 km / ↑1,500 m / ↓1,830 m",8.1 h,2.0 h,07:30,17:35,Richetlipass. Steep ascent and technical descent. Finish with funicular to car-free Braunwald.,Alexander’s Tödiblick (Braunwald),High
17.Jul,5,Braunwald → Klausenpass,"24 km / ↑1,600 m / ↓410 m",8.2 h,2.0 h,07:30,17:40,Traverse Switzerland’s largest alp (Urnerboden) before finishing directly on Klausenpass. Sunset views from hotel terrace.,Hotel Klausenpass,High
18.Jul,6,Klausenpass → Altdorf,"20 km / ↑300 m / ↓1,680 m",5.8 h,2.0 h,08:00,15:50,Long descent. Waterfalls and classic Uri scenery. Easy recovery day.,Hotel Goldener Schlüssel (Altdorf),Low
19.Jul,7,Altdorf → Engelberg (Surenenpass),"25 km / ↑860 m* / ↓1,390 m",7.9 h,2.0 h,07:30,17:25,Familiar terrain. Use Brüsti cable car to avoid unnecessary climbing. Lunch at Blackenalp.,Hotel Engelberg,Medium
20.Jul,Rest,Engelberg,0 km,—,—,—,—,"Recovery day. Explore Engelberg or take train to Lucerne. Laundry, good food, proper rest.",Hotel Engelberg (2nd night),Medium
21.Jul,8,Engelberg → Engstlenalp,"12 km / ↑1,260 m / ↓420 m",5.1 h,2.0 h,08:00,15:05,Short but steep climb over Jochpass. One of the most beautiful overnight locations on the route.,Hotel Engstlenalp,Critical
22.Jul,9,Engstlenalp → Meiringen,"22 km / ↑570 m / ↓1,800 m",6.7 h,2.0 h,08:00,16:40,High alpine traverse then long descent into Meiringen.,Hotel Victoria (Meiringen),Low
23.Jul,10,Meiringen → Grindelwald,"23 km / ↑1,390 m / ↓950 m",8.2 h,2.0 h,07:30,17:40,Grosse Scheidegg. First major views of the Eiger.,Hotel Kirchbühl (Grindelwald),Medium
24.Jul,11,Grindelwald → Wengen,"19 km / ↑1,140 m / ↓890 m",6.8 h,2.0 h,08:00,16:45,Kleine Scheidegg beneath the Eiger north face. One of Switzerland’s iconic hiking days.,Hotel Silberhorn (Wengen),Medium
25.Jul,12,Wengen → Mürren,9 km / ↑860 m / ↓500 m,3.7 h,2.0 h,08:30,14:10,Easy day. Visit Trümmelbach Falls. Use gondola/train to Mürren and enjoy the panorama.,Hotel Alpina (Mürren),High
26.Jul,13,Mürren → Griesalp,"17 km / ↑1,100 m / ↓1,330 m",6.2 h,2.0 h,07:30,15:45,"Sefinenfurgge (2,612 m). One of the most spectacular stages of the Via Alpina.",Griesalp Hotels,Critical
27.Jul,14,Griesalp → Kandersteg,"17 km / ↑1,450 m / ↓1,700 m",6.7 h,2.0 h,07:30,16:40,"Hohtürli (2,778 m), highest point on the route. Lunch at Blüemlisalphütte. Oeschinensee on descent.",Belle Epoque Hotel Victoria,Low
28.Jul,15,Kandersteg → Adelboden,"16 km / ↑1,400 m / ↓1,250 m",6.4 h,2.0 h,08:00,16:20,Take Allmenalp cable car. Cross Bunderchrinde into Adelboden.,Bellevue Parkhotel & Spa,Low
29.Jul,16,Adelboden → Lenk,"14 km / ↑700 m / ↓1,000 m",4.8 h,2.0 h,08:30,15:15,Easier recovery day over Hahnenmoos Pass.,Lenkerhof,Low
30.Jul,17,Lenk → Gstaad,"22 km / ↑1,150 m / ↓1,200 m",7.6 h,2.0 h,07:30,17:05,Long scenic day into the French-speaking part of Switzerland.,Hotel Olden (Gstaad),Low
31.Jul,18,Gstaad → L’Etivaz,"16 km / ↑1,250 m / ↓1,200 m",6.1 h,2.0 h,08:00,16:05,Swiss National Day. Excellent cheese village and limited accommodation.,Auberge de l’Etivaz,Critical
01.Aug,19,L’Etivaz → Rossinière,14 km / ↑320 m / ↓580 m,4.2 h,2.0 h,08:30,14:45,Relaxed day. Long lunch and afternoon recovery before final climb.,Hotel Elite (Rossinière),Low
02.Aug,20,Rossinière → Rochers de Naye,"18 km / ↑1,850 m / ↓780 m",7.6 h,2.0 h,07:30,17:05,"Final major ascent. Outstanding views of Lake Geneva, Mont Blanc and the Alps.",Rochers de Naye accommodation (preferred),Critical
03.Aug,21,Rochers de Naye → Montreux,"14 km / ↑90 m / ↓1,700 m",3.9 h,2.0 h,08:30,14:20,Final descent to Lake Geneva. Château de Chillon and Montreux lakeside celebration.,Fairmont Le Montreux Palace or similar,Low